{
  "num_images": 103536,
  "width_min": 128,
  "width_max": 800,
  "width_mean": 319.2010508422191,
  "width_median": 320.0,
  "height_min": 32,
  "height_max": 800,
  "height_mean": 61.235357749961366,
  "height_median": 64.0,
  "aspect_ratio_min": 1.0,
  "aspect_ratio_max": 15.0,
  "aspect_ratio_mean": 5.793467972492659,
  "aspect_ratio_median": 5.0,
  "most_common_sizes": [
    [
      [
        320,
        64
      ],
      11821
    ],
    [
      [
        384,
        64
      ],
      8932
    ],
    [
      [
        480,
        64
      ],
      8842
    ],
    [
      [
        224,
        64
      ],
      6530
    ],
    [
      [
        256,
        64
      ],
      6367
    ],
    [
      [
        192,
        64
      ],
      6176
    ],
    [
      [
        320,
        32
      ],
      6144
    ],
    [
      [
        800,
        128
      ],
      5509
    ],
    [
      [
        160,
        64
      ],
      5132
    ],
    [
      [
        192,
        32
      ],
      4770
    ]
  ],
  "color_modes": {
    "RGB": 103536
  },
  "channel_counts": {
    "3": 103536
  },
  "dtypes": {
    "uint8": 103536
  },
  "min_pixel_value": 0.0,
  "max_pixel_value": 255.0,
  "mean_pixel_value": 241.51262452025483,
  "std_pixel_value": 46.84151405953845,
  "is_normalized_0_1": false,
  "is_normalized_neg1_1": false,
  "is_uint8": true
}